\\\\Hourly Zonal Demand Report,,,,,,,,,,,,,,
\\\\Created at 2021-01-19 08:01:29,,,,,,,,,,,,,,
\\\\For 2021,,,,,,,,,,,,,,
Date,Hour,Ontario Demand,Northwest,Northeast,Ottawa,East,Toronto,Essa,Bruce,Southwest,Niagara,West,Zone Total,Diff
2021-01-01,1,14112,560,1256,914,871,4869,957,156,2599,402,1488,14071,-41
2021-01-01,2,13504,551,1250,878,834,4666,906,153,2517,388,1449,13592,88
2021-01-01,3,13155,549,1252,850,816,4518,868,151,2421,373,1423,13222,68
2021-01-01,4,12892,546,1227,831,807,4417,853,137,2374,364,1407,12963,71
2021-01-01,5,12798,534,1232,839,812,4372,856,102,2434,361,1404,12946,148
2021-01-01,6,12891,531,1218,859,824,4395,877,101,2471,364,1448,13089,198
2021-01-01,7,13188,544,1149,888,845,4478,911,102,2524,372,1530,13342,155
2021-01-01,8,13570,558,1139,914,882,4571,945,107,2579,387,1600,13681,111
2021-01-01,9,13820,592,1170,925,908,4637,976,111,2619,400,1611,13950,130
2021-01-01,10,14249,611,1207,963,916,4784,1019,111,2681,419,1633,14343,95
2021-01-01,11,14514,617,1229,989,884,4948,1042,112,2757,438,1649,14665,151
2021-01-01,12,14895,622,1226,1015,913,5148,1035,115,2816,452,1684,15026,131
2021-01-01,13,14959,622,1210,1035,946,5249,1030,114,2772,467,1695,15140,180
2021-01-01,14,15117,624,1193,1038,959,5305,1032,112,2821,468,1717,15269,152
2021-01-01,15,15391,593,1206,1036,997,5330,1058,109,2847,476,1781,15433,43
2021-01-01,16,15928,589,1234,1055,1048,5418,1104,113,2851,481,1791,15685,-244
2021-01-01,17,16544,594,1283,1141,1137,5660,1184,114,3079,504,1786,16482,-62
2021-01-01,18,17120,606,1311,1205,1188,5965,1274,113,3220,522,1814,17217,97
2021-01-01,19,16774,603,1293,1161,1150,5943,1230,108,3193,505,1713,16900,125
2021-01-01,20,16385,594,1302,1113,1104,5818,1184,106,3141,487,1659,16507,123
2021-01-01,21,16206,590,1365,1086,1091,5691,1152,109,3089,469,1633,16276,70
2021-01-01,22,15888,587,1368,1050,1066,5508,1108,108,2989,459,1584,15827,-61
2021-01-01,23,15269,581,1301,995,994,5257,1039,104,2856,433,1523,15084,-185
2021-01-01,24,14476,562,1314,947,919,5001,966,100,2711,409,1456,14386,-90
2021-01-02,1,13827,542,1264,889,849,4765,904,98,2614,390,1425,13739,-88
2021-01-02,2,13453,537,1257,858,825,4595,874,98,2550,378,1395,13366,-87
2021-01-02,3,13177,537,1227,840,812,4471,869,102,2509,372,1378,13117,-60
2021-01-02,4,13145,538,1202,833,821,4402,868,100,2546,373,1386,13070,-75
2021-01-02,5,13192,539,1208,837,833,4411,872,100,2511,363,1401,13074,-118
2021-01-02,6,13140,546,1157,844,878,4458,871,100,2518,375,1430,13178,38
2021-01-02,7,13477,556,1148,891,893,4573,896,102,2574,385,1535,13551,74
2021-01-02,8,14173,569,1175,927,900,4712,952,106,2698,411,1644,14094,-79
2021-01-02,9,14661,591,1200,957,984,4825,1009,109,2765,434,1701,14575,-86
2021-01-02,10,15127,603,1200,1008,1019,5038,1059,112,2861,453,1768,15122,-5
2021-01-02,11,15466,613,1222,998,1027,5219,1079,117,3004,460,1796,15535,70
2021-01-02,12,15805,626,1242,1013,1003,5387,1077,116,3107,468,1753,15794,-11
2021-01-02,13,15849,631,1251,999,947,5538,1072,114,3152,477,1730,15910,61
2021-01-02,14,15914,622,1233,984,913,5610,1080,112,3140,485,1775,15954,40
2021-01-02,15,16003,612,1245,975,928,5591,1090,111,3125,491,1819,15989,-15
2021-01-02,16,16178,595,1257,1016,976,5593,1112,113,3146,495,1850,16153,-26
2021-01-02,17,16800,595,1320,1114,1124,5745,1194,117,3227,518,1902,16857,57
2021-01-02,18,17860,621,1343,1215,1231,6121,1323,121,3446,550,1955,17925,65
2021-01-02,19,17594,628,1324,1180,1197,6110,1297,119,3411,529,1861,17655,62
2021-01-02,20,16914,646,1299,1136,1148,5939,1240,117,3272,504,1782,17084,170
2021-01-02,21,16387,641,1274,1092,1097,5742,1181,112,3137,484,1724,16485,98
2021-01-02,22,15752,622,1246,1046,1034,5537,1122,110,3059,468,1660,15905,153
2021-01-02,23,15083,620,1248,985,973,5289,1040,109,2911,442,1550,15167,84
2021-01-02,24,14236,604,1253,928,918,5012,961,105,2727,413,1450,14371,135
2021-01-03,1,13620,583,1235,882,872,4750,894,101,2632,386,1430,13765,145
2021-01-03,2,13214,581,1228,851,836,4566,851,98,2561,377,1415,13365,151
2021-01-03,3,12962,568,1216,822,841,4431,827,98,2518,367,1407,13094,132
2021-01-03,4,12834,563,1218,813,841,4356,819,99,2480,366,1397,12951,117
2021-01-03,5,12802,562,1210,811,836,4330,826,100,2485,365,1406,12932,130
2021-01-03,6,13025,557,1191,834,863,4367,843,100,2541,375,1450,13121,96
2021-01-03,7,13440,562,1140,874,892,4469,877,105,2602,387,1544,13451,11
2021-01-03,8,14038,570,1137,905,946,4614,936,110,2749,410,1640,14017,-21
2021-01-03,9,14596,581,1168,931,986,4775,993,112,2882,431,1693,14553,-43
2021-01-03,10,15130,593,1203,969,1022,5011,1055,113,2984,451,1752,15152,22
2021-01-03,11,15759,598,1224,1014,1054,5320,1105,116,3096,478,1800,15805,45
2021-01-03,12,16215,587,1226,1044,1066,5573,1134,117,3148,491,1809,16195,-20
2021-01-03,13,16448,548,1243,1061,1077,5721,1156,117,3223,496,1809,16451,3
2021-01-03,14,16366,526,1223,1058,1081,5745,1155,116,3173,497,1809,16382,16
2021-01-03,15,16296,513,1229,1062,1107,5721,1144,114,3149,501,1837,16376,80
2021-01-03,16,16459,509,1226,1085,1165,5741,1152,115,3132,504,1874,16503,44
2021-01-03,17,17056,504,1320,1168,1215,5928,1222,119,3226,527,1927,17155,99
2021-01-03,18,18098,537,1338,1246,1284,6305,1337,122,3456,560,1979,18162,64
2021-01-03,19,17672,529,1308,1209,1243,6282,1287,121,3390,545,1881,17794,122
2021-01-03,20,17082,503,1275,1158,1219,6102,1224,116,3297,544,1807,17246,164
2021-01-03,21,16536,497,1257,1121,1159,5877,1160,115,3226,510,1753,16675,139
2021-01-03,22,15956,500,1283,1066,1150,5619,1092,110,3103,508,1678,16108,152
2021-01-03,23,15196,491,1267,1005,1093,5336,1007,108,2997,459,1578,15341,146
2021-01-03,24,14424,532,1224,928,986,5026,925,103,2839,452,1490,14506,82
2021-01-04,1,13765,558,1196,879,900,4800,871,101,2723,421,1462,13910,146
2021-01-04,2,13538,559,1146,837,876,4643,838,100,2655,412,1465,13531,-7
2021-01-04,3,13199,554,1142,817,875,4532,821,99,2633,413,1460,13345,147
2021-01-04,4,13121,548,1135,805,875,4493,819,98,2624,414,1460,13271,150
2021-01-04,5,13231,546,1130,825,875,4538,832,99,2633,413,1479,13370,139
2021-01-04,6,13757,542,1133,881,917,4759,878,101,2784,426,1545,13966,209
2021-01-04,7,14922,557,1116,973,983,5137,961,105,3003,436,1695,14963,41
2021-01-04,8,16075,510,1160,1061,1062,5630,1060,110,3274,471,1843,16181,105
2021-01-04,9,16877,543,1187,1121,1113,6018,1122,114,3394,500,1921,17034,157
2021-01-04,10,17157,548,1190,1133,1105,6152,1142,114,3409,509,1950,17252,95
2021-01-04,11,17333,544,1199,1139,1088,6288,1148,111,3497,522,1973,17509,176
2021-01-04,12,17608,536,1205,1153,1081,6468,1157,103,3562,528,1965,17758,150
2021-01-04,13,17736,523,1216,1155,1073,6525,1162,100,3555,527,1962,17798,62
2021-01-04,14,17664,514,1203,1149,1066,6508,1152,109,3543,524,1949,17717,53
2021-01-04,15,17535,509,1218,1146,1071,6434,1148,110,3523,521,1960,17640,106
2021-01-04,16,17767,525,1255,1159,1116,6436,1160,111,3549,524,1977,17813,46
2021-01-04,17,18272,574,1276,1229,1196,6586,1223,116,3624,549,1997,18370,98
2021-01-04,18,19160,588,1321,1303,1274,6823,1329,120,3795,570,2045,19168,8
2021-01-04,19,18652,590,1306,1256,1227,6707,1292,117,3703,555,1957,18711,59
2021-01-04,20,18161,593,1288,1210,1175,6495,1244,113,3567,562,1894,18139,-22
2021-01-04,21,17319,590,1270,1162,1122,6240,1190,110,3488,515,1847,17532,213
2021-01-04,22,16617,598,1250,1107,1066,5981,1119,106,3400,493,1790,16908,291
2021-01-04,23,15890,605,1196,1036,989,5644,1028,104,3218,491,1672,15983,94
2021-01-04,24,14902,566,1138,951,937,5297,942,101,3008,449,1550,14938,35
2021-01-05,1,14278,542,1197,915,916,5000,889,100,2863,421,1505,14347,68
2021-01-05,2,13901,531,1175,873,886,4794,850,98,2762,429,1504,13902,1
2021-01-05,3,13538,543,1165,867,848,4700,832,98,2789,392,1493,13728,190
2021-01-05,4,13530,558,1165,852,834,4675,828,99,2744,417,1493,13665,135
2021-01-05,5,13634,559,1157,879,847,4712,845,101,2763,412,1515,13791,158
2021-01-05,6,14237,554,1085,926,883,4904,892,104,2886,431,1578,14243,7
2021-01-05,7,15241,574,1130,1017,960,5286,971,107,3039,440,1726,15250,9
2021-01-05,8,16427,568,1202,1100,1032,5758,1067,111,3313,482,1872,16505,78
2021-01-05,9,17150,598,1209,1151,1081,6091,1135,116,3466,516,1951,17312,163
2021-01-05,10,17448,613,1195,1153,1092,6252,1154,115,3478,521,1965,17537,89
2021-01-05,11,17653,596,1195,1158,1071,6382,1166,117,3486,530,1967,17669,15
2021-01-05,12,17777,589,1163,1173,1070,6494,1169,116,3541,530,1973,17817,41
2021-01-05,13,17732,575,1172,1153,1057,6546,1172,115,3571,534,1986,17881,149
2021-01-05,14,17663,562,1151,1145,1041,6489,1171,114,3579,532,1976,17760,97
2021-01-05,15,17558,570,1183,1153,1055,6446,1174,114,3573,529,1957,17755,197
2021-01-05,16,17844,571,1195,1167,1086,6465,1186,114,3605,526,1962,17876,33
2021-01-05,17,18382,583,1276,1237,1172,6612,1257,117,3701,545,2008,18507,125
2021-01-05,18,19275,609,1318,1298,1244,6857,1362,120,3820,564,2065,19257,-18
2021-01-05,19,18828,612,1294,1248,1232,6755,1328,118,3720,555,1982,18844,16
2021-01-05,20,18286,609,1282,1195,1244,6548,1272,116,3645,571,1918,18400,115
2021-01-05,21,17825,603,1292,1158,1203,6306,1225,113,3545,534,1869,17849,24
2021-01-05,22,17086,579,1240,1101,1151,6024,1153,112,3436,519,1789,17105,19
2021-01-05,23,16046,565,1269,1028,1130,5693,1068,108,3226,492,1679,16258,212
2021-01-05,24,15059,543,1307,961,972,5339,992,104,3052,444,1553,15267,209
2021-01-06,1,14391,520,1290,908,893,5047,927,101,2929,430,1528,14572,181
2021-01-06,2,13930,505,1256,880,870,4853,882,99,2812,399,1529,14085,155
2021-01-06,3,13857,530,1244,870,865,4739,858,99,2778,417,1524,13923,66
2021-01-06,4,13915,520,1236,867,858,4725,850,100,2737,411,1522,13825,-90
2021-01-06,5,13862,448,1213,865,853,4770,865,99,2724,409,1537,13785,-77
2021-01-06,6,14245,431,1186,922,908,4942,911,101,2798,430,1586,14215,-30
2021-01-06,7,15225,448,1181,1000,985,5312,997,104,3051,445,1720,15243,17
2021-01-06,8,16510,476,1241,1092,1070,5746,1100,109,3362,485,1868,16548,39
2021-01-06,9,17118,502,1285,1143,1108,6044,1153,113,3470,507,1937,17262,144
2021-01-06,10,17428,508,1267,1148,1089,6191,1151,111,3424,520,1945,17355,-73
2021-01-06,11,17474,506,1266,1145,1079,6319,1134,107,3398,522,1932,17407,-66
2021-01-06,12,17614,495,1268,1138,1079,6465,1131,104,3388,531,1915,17516,-98
2021-01-06,13,17518,488,1273,1124,1066,6493,1128,110,3329,536,1896,17442,-76
2021-01-06,14,17369,484,1266,1133,1047,6457,1129,112,3295,534,1877,17335,-34
2021-01-06,15,17312,488,1267,1119,1054,6434,1144,110,3328,527,1905,17376,64
2021-01-06,16,17618,498,1285,1152,1089,6461,1173,104,3396,525,1951,17633,15
2021-01-06,17,18238,486,1348,1225,1185,6570,1235,110,3552,542,1999,18252,14
2021-01-06,18,19369,504,1402,1330,1282,6896,1346,115,3751,573,2047,19249,-121
2021-01-06,19,18696,514,1370,1263,1242,6786,1317,115,3639,553,1951,18750,54
2021-01-06,20,18124,523,1370,1219,1195,6575,1277,110,3586,551,1895,18300,176
2021-01-06,21,17644,547,1348,1179,1142,6365,1217,107,3476,538,1850,17771,127
2021-01-06,22,17133,552,1327,1149,1088,6110,1149,107,3345,529,1772,17128,-5
2021-01-06,23,16169,548,1329,1082,1008,5771,1061,101,3153,491,1656,16202,32
2021-01-06,24,15126,533,1283,998,939,5393,975,97,2939,456,1544,15158,32
2021-01-07,1,14453,518,1257,940,912,5133,920,93,2803,417,1517,14510,57
2021-01-07,2,14068,514,1241,907,896,4926,878,91,2725,419,1501,14098,30
2021-01-07,3,13784,514,1239,889,876,4810,859,92,2702,406,1487,13875,90
2021-01-07,4,13702,524,1248,875,877,4766,856,92,2692,412,1477,13818,117
2021-01-07,5,13767,523,1261,888,895,4796,875,93,2736,422,1497,13984,217
2021-01-07,6,14320,512,1223,947,946,4986,926,94,2808,411,1565,14418,98
2021-01-07,7,15305,523,1231,1023,1022,5346,1013,99,2954,442,1705,15358,53
2021-01-07,8,16530,519,1287,1115,1100,5830,1124,103,3207,484,1869,16638,107
2021-01-07,9,17182,541,1329,1170,1148,6151,1169,106,3354,509,1933,17409,228
2021-01-07,10,17541,549,1314,1161,1133,6322,1117,105,3457,520,1941,17619,78
2021-01-07,11,17457,545,1273,1168,1109,6430,1044,107,3464,534,1930,17603,146
2021-01-07,12,17386,522,1263,1167,1084,6465,1001,108,3464,544,1880,17498,112
2021-01-07,13,17161,502,1259,1189,1062,6416,977,106,3400,552,1835,17298,137
2021-01-07,14,16891,482,1215,1132,1055,6328,956,104,3380,550,1799,17000,110
2021-01-07,15,16651,483,1239,1118,1062,6213,975,104,3333,541,1775,16844,194
2021-01-07,16,16822,478,1263,1158,1102,6274,1065,107,3339,535,1799,17120,298
2021-01-07,17,17777,485,1361,1234,1209,6434,1208,104,3505,546,1906,17992,215
2021-01-07,18,19178,505,1436,1338,1309,6835,1371,107,3759,579,2012,19251,73
2021-01-07,19,18988,522,1426,1306,1287,6802,1368,115,3706,571,1942,19044,57
2021-01-07,20,18451,528,1473,1264,1250,6579,1330,112,3626,572,1896,18629,178
2021-01-07,21,17880,552,1492,1232,1205,6389,1284,110,3501,545,1850,18159,279
2021-01-07,22,17384,566,1473,1166,1158,6141,1230,106,3367,512,1773,17491,106
2021-01-07,23,16353,583,1437,1081,1077,5870,1149,100,3170,508,1659,16634,282
2021-01-07,24,15377,576,1397,1020,1006,5522,1068,99,3015,478,1554,15736,359
2021-01-08,1,14853,568,1324,942,964,5223,1016,99,2935,461,1515,15048,195
2021-01-08,2,14612,574,1294,934,938,5045,992,99,2889,452,1504,14723,111
2021-01-08,3,14434,570,1309,923,932,4976,981,99,2867,425,1492,14574,140
2021-01-08,4,14454,564,1348,932,932,4970,984,100,2829,423,1476,14559,106
2021-01-08,5,14575,573,1349,942,945,5002,1009,102,2885,426,1490,14724,148
2021-01-08,6,14984,565,1365,1000,994,5161,1064,105,3016,449,1549,15269,284
2021-01-08,7,16196,583,1326,1090,1090,5505,1156,109,3230,481,1722,16292,96
2021-01-08,8,17543,603,1370,1177,1164,6029,1261,116,3485,525,1885,17615,72
2021-01-08,9,18192,630,1408,1178,1187,6353,1298,119,3592,551,1942,18257,65
2021-01-08,10,18257,636,1385,1143,1095,6467,1208,120,3595,571,1954,18173,-84
2021-01-08,11,17831,627,1323,1120,923,6485,1102,117,3608,561,1953,17819,-11
2021-01-08,12,17604,619,1299,1108,813,6516,1057,116,3569,566,1959,17623,19
2021-01-08,13,17388,610,1290,1101,765,6476,1030,114,3479,571,1944,17380,-8
2021-01-08,14,16998,603,1263,1092,756,6373,1004,112,3422,565,1897,17087,89
2021-01-08,15,16796,600,1250,1096,801,6341,1022,112,3369,560,1874,17025,229
2021-01-08,16,16996,592,1275,1126,947,6330,1108,115,3374,552,1861,17279,283
2021-01-08,17,17786,590,1351,1216,1154,6459,1236,115,3551,563,1909,18143,357
2021-01-08,18,19069,605,1418,1321,1289,6808,1387,118,3770,585,1994,19296,227
2021-01-08,19,19084,606,1408,1286,1269,6781,1381,117,3733,571,1942,19094,10
2021-01-08,20,18435,633,1398,1230,1228,6596,1338,112,3660,555,1899,18649,214
2021-01-08,21,18055,641,1417,1200,1178,6417,1289,111,3536,547,1840,18175,120
2021-01-08,22,17447,633,1425,1149,1126,6180,1223,109,3362,523,1763,17492,45
2021-01-08,23,16459,626,1412,1094,1070,5845,1144,104,3239,486,1651,16671,211
2021-01-08,24,15583,608,1386,1029,1017,5505,1052,102,3011,453,1540,15702,119
2021-01-09,1,14891,591,1370,982,980,5216,991,99,2864,434,1510,15037,146
2021-01-09,2,14427,583,1357,940,951,5006,950,99,2761,424,1503,14574,147
2021-01-09,3,14136,570,1351,924,939,4849,933,100,2757,417,1494,14334,197
2021-01-09,4,14014,545,1353,929,932,4768,928,101,2726,419,1480,14181,168
2021-01-09,5,14041,538,1307,933,950,4777,929,102,2674,423,1511,14143,103
2021-01-09,6,14268,533,1253,955,981,4845,953,102,2703,428,1575,14327,59
2021-01-09,7,14872,535,1265,994,1027,4975,1001,106,2799,441,1684,14828,-44
2021-01-09,8,15597,556,1293,1041,1082,5144,1069,112,2897,463,1786,15444,-153
2021-01-09,9,15934,574,1345,1060,1112,5291,1117,115,3014,472,1814,15914,-20
2021-01-09,10,16120,578,1346,1081,1090,5501,1102,115,3096,484,1789,16183,63
2021-01-09,11,16095,589,1357,1058,992,5682,1018,117,3082,487,1757,16138,43
2021-01-09,12,15932,596,1353,1078,880,5761,966,115,3092,491,1714,16045,113
2021-01-09,13,15879,596,1350,1041,810,5743,953,114,3111,504,1710,15931,52
2021-01-09,14,15655,590,1309,1034,794,5684,949,113,3089,485,1677,15724,69
2021-01-09,15,15557,584,1297,1052,871,5614,975,111,3045,483,1661,15694,137
2021-01-09,16,15869,580,1290,1090,1021,5633,1055,111,3062,490,1741,16072,203
2021-01-09,17,16778,590,1351,1184,1159,5839,1187,113,3156,521,1845,16944,165
2021-01-09,18,18157,604,1391,1289,1263,6262,1329,117,3420,564,1946,18184,28
2021-01-09,19,18020,611,1378,1248,1227,6314,1313,116,3395,547,1877,18027,7
2021-01-09,20,17456,603,1383,1171,1171,6133,1254,111,3328,532,1802,17488,32
2021-01-09,21,16976,598,1425,1127,1130,5929,1196,109,3244,511,1736,17005,28
2021-01-09,22,16416,611,1413,1080,1082,5718,1143,107,3116,485,1674,16430,14
2021-01-09,23,15668,605,1389,1050,1025,5454,1067,103,2936,451,1596,15677,9
2021-01-09,24,14861,592,1351,975,969,5175,1000,99,2771,424,1521,14877,16
2021-01-10,1,14365,581,1314,946,936,4942,946,96,2638,405,1490,14293,-71
2021-01-10,2,13974,579,1281,935,906,4716,907,95,2549,387,1494,13849,-124
2021-01-10,3,13797,578,1258,903,909,4606,894,96,2570,391,1495,13699,-98
2021-01-10,4,13718,579,1242,899,919,4527,896,97,2577,389,1496,13620,-97
2021-01-10,5,13504,579,1247,880,935,4497,908,98,2604,395,1508,13652,147
2021-01-10,6,13682,570,1198,897,963,4591,930,102,2581,401,1545,13778,95
2021-01-10,7,14189,585,1164,931,1009,4693,970,105,2668,414,1650,14189,0
2021-01-10,8,14841,603,1205,958,1063,4828,1027,110,2756,434,1732,14716,-125
2021-01-10,9,15248,616,1265,999,1088,5010,1074,111,2865,447,1763,15238,-10
2021-01-10,10,15664,628,1307,1036,1070,5251,1088,113,3027,458,1779,15757,94
2021-01-10,11,15969,637,1343,1064,1033,5486,1117,115,3068,476,1736,16075,105
2021-01-10,12,16177,630,1327,1085,1001,5670,1143,113,3130,490,1687,16277,100
2021-01-10,13,16250,609,1320,1100,987,5781,1156,113,3137,505,1674,16382,132
2021-01-10,14,16167,602,1313,1102,966,5764,1151,113,3096,501,1668,16274,107
2021-01-10,15,16115,594,1314,1101,985,5722,1145,112,3094,503,1736,16304,189
2021-01-10,16,16501,610,1333,1128,1071,5757,1166,112,3128,512,1830,16648,146
2021-01-10,17,17363,629,1385,1205,1209,5918,1250,115,3277,537,1921,17446,83
2021-01-10,18,18461,648,1413,1302,1302,6270,1362,120,3520,568,1991,18494,33
2021-01-10,19,18069,652,1404,1265,1253,6281,1317,116,3511,553,1892,18243,175
2021-01-10,20,17564,642,1382,1208,1194,6130,1251,114,3368,529,1823,17642,79
2021-01-10,21,16998,636,1360,1162,1141,5947,1190,114,3295,513,1760,17118,120
2021-01-10,22,16437,625,1393,1101,1075,5753,1122,111,3200,491,1707,16578,142
2021-01-10,23,15754,614,1362,1030,1000,5494,1039,109,3073,471,1626,15818,64
2021-01-10,24,14941,595,1317,960,936,5214,958,105,2966,446,1529,15027,86
2021-01-11,1,14344,577,1270,905,903,4963,909,101,2827,430,1501,14387,43
2021-01-11,2,13915,560,1251,864,884,4787,880,99,2766,419,1490,14000,84
2021-01-11,3,13783,537,1213,859,878,4727,866,99,2759,415,1485,13838,56
2021-01-11,4,13710,530,1200,857,877,4714,863,98,2770,413,1499,13822,112
2021-01-11,5,13876,528,1170,878,891,4737,879,99,2788,415,1553,13939,62
2021-01-11,6,14337,518,1129,924,931,4901,934,102,2909,424,1626,14397,60
2021-01-11,7,15584,524,1169,1018,1032,5283,1022,105,3147,450,1778,15528,-56
2021-01-11,8,16698,535,1255,1098,1112,5783,1121,107,3404,492,1921,16828,130
2021-01-11,9,17221,558,1274,1140,1147,6097,1166,108,3494,518,1981,17482,261
2021-01-11,10,17418,559,1263,1159,1126,6186,1136,107,3504,532,1961,17532,114
2021-01-11,11,17179,558,1258,1159,1090,6210,1101,105,3560,525,1941,17508,329
2021-01-11,12,17309,569,1264,1133,1055,6334,1119,93,3588,539,1966,17659,351
2021-01-11,13,17695,571,1265,1114,1063,6442,1143,89,3604,543,1991,17826,131
2021-01-11,14,17770,564,1251,1101,1085,6490,1130,96,3609,541,1951,17820,50
2021-01-11,15,17422,555,1245,1122,1122,6448,1144,99,3547,540,1926,17748,326
2021-01-11,16,17951,545,1262,1160,1135,6518,1178,98,3606,532,1960,17995,44
2021-01-11,17,18593,524,1309,1231,1226,6693,1238,100,3692,549,1995,18557,-36
2021-01-11,18,19114,513,1339,1294,1293,6917,1335,101,3846,562,2036,19237,123
2021-01-11,19,18524,519,1307,1254,1252,6797,1297,100,3808,549,1915,18798,274
2021-01-11,20,18186,515,1310,1209,1212,6584,1235,97,3717,564,1841,18284,99
2021-01-11,21,17538,527,1370,1155,1159,6346,1181,95,3566,538,1780,17717,179
2021-01-11,22,16892,544,1331,1092,1087,6068,1117,95,3384,511,1736,16966,74
2021-01-11,23,15800,534,1277,1022,1011,5723,1036,91,3114,480,1622,15907,107
2021-01-11,24,14744,520,1247,930,941,5372,963,92,2990,448,1518,15020,276
2021-01-12,1,14339,511,1203,883,896,5088,916,95,2909,440,1501,14442,103
2021-01-12,2,14076,503,1198,856,879,4890,878,94,2870,437,1505,14112,36
2021-01-12,3,13930,496,1191,862,866,4802,862,96,2848,423,1510,13955,25
2021-01-12,4,13750,494,1202,843,860,4765,857,97,2810,431,1505,13864,114
2021-01-12,5,13817,488,1200,867,873,4766,872,100,2846,424,1518,13955,137
2021-01-12,6,14411,481,1218,927,916,4968,917,103,2961,446,1574,14511,101
2021-01-12,7,15534,505,1195,1006,1008,5337,997,108,3175,452,1696,15478,-56
2021-01-12,8,16657,528,1244,1102,1093,5813,1103,110,3408,484,1850,16736,79
2021-01-12,9,17379,556,1268,1146,1133,6188,1156,116,3566,517,1912,17556,177
2021-01-12,10,17798,566,1276,1157,1125,6343,1163,115,3657,533,1926,17862,64
2021-01-12,11,18021,568,1288,1158,1107,6449,1171,115,3707,552,1953,18068,46
2021-01-12,12,18138,548,1267,1166,1083,6592,1170,115,3763,558,1957,18219,81
2021-01-12,13,18172,542,1260,1154,1061,6649,1176,114,3759,551,1964,18229,57
2021-01-12,14,18003,521,1249,1148,1045,6601,1168,108,3736,548,1960,18084,81
2021-01-12,15,17913,518,1252,1151,1072,6583,1165,102,3625,542,1971,17982,68
2021-01-12,16,17998,526,1282,1147,1117,6577,1172,116,3657,551,1979,18123,125
2021-01-12,17,18668,542,1338,1205,1203,6696,1236,115,3808,566,2013,18722,54
2021-01-12,18,19426,567,1367,1282,1276,6873,1340,117,3972,582,2052,19427,1
2021-01-12,19,18971,575,1346,1218,1239,6764,1315,116,3868,561,1976,18978,6
2021-01-12,20,18413,598,1365,1182,1198,6546,1263,112,3775,575,1922,18536,123
2021-01-12,21,17971,600,1376,1142,1147,6347,1209,111,3688,556,1856,18033,62
2021-01-12,22,17179,591,1343,1086,1080,6092,1146,106,3526,519,1798,17287,108
2021-01-12,23,16181,579,1303,1016,1013,5736,1065,104,3405,506,1648,16374,193
2021-01-12,24,15152,548,1241,938,948,5394,978,101,3156,471,1515,15290,137
2021-01-13,1,14414,549,1218,903,910,5103,928,98,2983,432,1478,14601,187
2021-01-13,2,14028,552,1201,865,883,4906,887,95,2921,439,1461,14209,181
2021-01-13,3,13767,549,1185,844,868,4799,867,95,2810,431,1463,13912,145
2021-01-13,4,13609,547,1178,852,861,4739,864,97,2772,417,1455,13781,172
2021-01-13,5,13736,551,1174,864,863,4765,878,97,2784,415,1485,13875,140
2021-01-13,6,14254,540,1191,912,918,4928,923,100,2897,407,1540,14356,102
2021-01-13,7,15198,539,1156,987,978,5273,1001,97,3154,459,1658,15303,105
2021-01-13,8,16449,563,1193,1085,1067,5787,1099,99,3445,493,1794,16625,176
2021-01-13,9,17141,591,1235,1149,1105,6143,1153,100,3584,508,1850,17418,278
2021-01-13,10,17408,584,1242,1137,1123,6275,1168,102,3597,516,1843,17588,181
2021-01-13,11,17506,569,1225,1132,1112,6408,1168,100,3677,527,1787,17705,198
2021-01-13,12,17484,549,1224,1155,1108,6525,1161,103,3656,538,1680,17699,216
2021-01-13,13,17342,518,1242,1170,1086,6532,1162,101,3564,532,1591,17497,154
2021-01-13,14,17175,505,1247,1162,1078,6408,1132,87,3499,526,1591,17237,62
2021-01-13,15,16899,513,1249,1134,1077,6313,1112,98,3448,516,1637,17095,197
2021-01-13,16,17119,520,1251,1168,1093,6333,1136,103,3446,517,1693,17259,140
2021-01-13,17,17789,537,1293,1223,1174,6483,1198,107,3561,530,1803,17911,122
2021-01-13,18,18678,560,1347,1289,1250,6763,1301,112,3744,557,1892,18816,138
2021-01-13,19,18262,569,1340,1238,1211,6674,1276,113,3594,550,1851,18416,154
2021-01-13,20,17882,575,1334,1189,1172,6454,1229,110,3492,549,1817,17919,37
2021-01-13,21,17282,580,1298,1125,1123,6213,1172,108,3439,540,1778,17377,95
2021-01-13,22,16514,561,1260,1070,1068,5955,1107,105,3316,512,1719,16673,159
2021-01-13,23,15533,563,1237,1002,988,5615,1022,103,3165,473,1583,15751,218
2021-01-13,24,14651,555,1274,910,913,5254,940,99,2983,437,1469,14832,182
2021-01-14,1,14090,527,1238,876,863,4973,884,98,2876,404,1460,14199,109
2021-01-14,2,13744,546,1201,843,855,4771,844,96,2790,394,1454,13794,50
2021-01-14,3,13516,548,1200,811,843,4631,824,95,2741,389,1471,13553,38
2021-01-14,4,13444,545,1197,831,833,4585,819,95,2705,413,1467,13489,45
2021-01-14,5,13693,543,1191,849,847,4588,833,98,2744,408,1501,13602,-90
2021-01-14,6,14147,530,1157,890,912,4759,880,102,2838,423,1568,14060,-87
2021-01-14,7,15087,540,1165,973,983,5123,958,105,3027,452,1703,15029,-58
2021-01-14,8,16363,533,1228,1092,1072,5617,1056,110,3284,500,1848,16342,-21
2021-01-14,9,17049,544,1278,1117,1104,5927,1115,112,3410,522,1917,17045,-4
2021-01-14,10,17208,553,1294,1115,1098,6062,1118,111,3457,523,1896,17227,19
2021-01-14,11,17025,545,1292,1126,1065,6116,1096,110,3471,524,1821,17166,141
2021-01-14,12,17068,553,1277,1159,1029,6233,1083,108,3472,536,1763,17213,145
2021-01-14,13,17035,561,1273,1159,1017,6201,1074,108,3461,531,1729,17114,79
2021-01-14,14,16860,560,1257,1152,1022,6172,1068,108,3416,530,1730,17016,157
2021-01-14,15,16795,561,1252,1133,1046,6142,1068,109,3313,524,1792,16939,144
2021-01-14,16,17060,560,1266,1137,1081,6174,1083,110,3372,527,1843,17153,93
2021-01-14,17,17555,568,1285,1196,1169,6308,1156,111,3472,548,1923,17737,182
2021-01-14,18,18487,585,1324,1265,1247,6577,1271,111,3642,562,1990,18572,85
2021-01-14,19,18000,578,1292,1205,1225,6493,1248,109,3613,543,1887,18192,192
2021-01-14,20,17331,571,1275,1174,1182,6286,1196,103,3514,523,1802,17627,296
2021-01-14,21,16848,587,1259,1118,1124,6081,1146,100,3405,527,1732,17079,230
2021-01-14,22,16296,601,1221,1062,1058,5825,1080,95,3257,499,1671,16370,74
2021-01-14,23,15203,589,1210,982,967,5518,992,91,3071,474,1519,15413,210
2021-01-14,24,14251,566,1255,905,913,5167,907,88,2840,445,1403,14489,238
2021-01-15,1,13646,549,1225,862,871,4887,858,86,2693,407,1396,13834,188
2021-01-15,2,13305,537,1192,834,852,4708,821,85,2590,405,1380,13404,99
2021-01-15,3,13087,533,1182,824,845,4597,803,82,2569,421,1378,13236,148
2021-01-15,4,13032,526,1196,820,836,4554,794,85,2537,411,1368,13126,94
2021-01-15,5,13120,522,1180,834,855,4574,812,85,2558,439,1408,13266,147
2021-01-15,6,13692,526,1167,887,896,4743,856,85,2633,415,1484,13693,2
2021-01-15,7,14514,542,1140,965,971,5074,930,87,2784,424,1599,14516,2
2021-01-15,8,15569,536,1160,1056,1039,5524,1027,89,3053,467,1735,15686,117
2021-01-15,9,16279,565,1188,1092,1038,5790,1068,90,3296,485,1830,16441,162
2021-01-15,10,16597,577,1188,1074,930,6019,1070,90,3363,503,1856,16672,76
2021-01-15,11,16671,577,1182,1078,855,6133,1079,87,3405,506,1903,16805,134
2021-01-15,12,16863,577,1175,1068,829,6151,1084,87,3382,510,1942,16806,-56
2021-01-15,13,16905,577,1179,1045,868,6138,1069,88,3364,512,1925,16764,-141
2021-01-15,14,16811,576,1177,1041,905,6109,1010,90,3358,511,1947,16725,-86
2021-01-15,15,16762,571,1194,1078,965,6083,1011,93,3322,510,1955,16782,20
2021-01-15,16,16832,567,1198,1095,1027,6106,1044,91,3376,512,1950,16965,133
2021-01-15,17,17570,564,1251,1155,1121,6323,1140,91,3417,525,1989,17576,6
2021-01-15,18,18502,573,1291,1251,1213,6542,1256,96,3615,537,2013,18386,-115
2021-01-15,19,18077,581,1262,1192,1195,6453,1235,95,3592,528,1912,18045,-32
2021-01-15,20,17621,591,1259,1173,1145,6283,1183,142,3464,535,1844,17618,-3
2021-01-15,21,17182,602,1311,1133,1110,6085,1137,148,3343,509,1761,17137,-45
2021-01-15,22,16441,593,1323,1077,1063,5859,1109,143,3153,504,1696,16520,78
2021-01-15,23,15644,582,1286,1009,996,5543,1046,140,2988,477,1599,15665,22
2021-01-15,24,14774,566,1247,950,934,5200,955,140,2839,449,1485,14766,-9
2021-01-16,1,14135,550,1203,890,883,4915,895,135,2719,430,1461,14081,-54
2021-01-16,2,13667,544,1174,870,854,4684,850,132,2607,419,1458,13592,-75
2021-01-16,3,13336,545,1164,843,842,4579,828,132,2587,403,1478,13400,64
2021-01-16,4,13289,545,1158,840,837,4518,818,134,2587,395,1497,13328,39
2021-01-16,5,13332,543,1158,836,844,4494,824,136,2563,412,1526,13335,3
2021-01-16,6,13599,536,1169,879,869,4566,849,137,2604,393,1575,13577,-22
2021-01-16,7,14062,540,1123,914,922,4707,897,141,2678,410,1653,13987,-76
2021-01-16,8,14704,527,1143,963,974,4885,957,149,2807,438,1754,14597,-107
2021-01-16,9,15197,530,1179,1001,1014,5064,1009,155,2949,447,1806,15154,-43
2021-01-16,10,15434,544,1205,1049,1056,5220,1025,153,3023,458,1845,15578,143
2021-01-16,11,15646,543,1236,1085,1080,5395,1022,152,3058,460,1874,15905,260
2021-01-16,12,15946,552,1248,1120,1080,5470,1029,150,3106,460,1893,16109,163
2021-01-16,13,15947,555,1235,1130,1079,5545,1002,152,3089,466,1889,16142,196
2021-01-16,14,15884,556,1239,1103,1080,5534,1026,151,3005,459,1873,16026,141
2021-01-16,15,15775,557,1253,1084,1076,5526,1039,153,2955,457,1850,15950,176
2021-01-16,16,16001,547,1257,1089,1100,5587,1069,154,3007,470,1859,16139,138
2021-01-16,17,16613,548,1281,1156,1156,5741,1148,155,3142,496,1893,16716,103
2021-01-16,18,17659,566,1318,1224,1233,6132,1258,156,3356,531,1946,17719,60
2021-01-16,19,17426,582,1292,1188,1192,6199,1252,152,3308,526,1826,17519,93
2021-01-16,20,16792,583,1283,1128,1128,6009,1192,147,3222,498,1743,16933,141
2021-01-16,21,16428,588,1354,1080,1081,5816,1132,141,3133,470,1654,16448,19
2021-01-16,22,15902,579,1327,1023,1022,5611,1074,136,3003,454,1598,15826,-76
2021-01-16,23,15065,595,1221,965,961,5350,1004,131,2837,438,1502,15004,-62
2021-01-16,24,14068,578,1196,895,914,5057,934,130,2703,412,1399,14218,150
2021-01-17,1,13516,564,1213,852,881,4792,877,127,2555,388,1375,13623,107
2021-01-17,2,13198,556,1233,817,843,4622,845,127,2505,439,1372,13358,160
2021-01-17,3,13038,552,1243,797,827,4495,829,128,2447,433,1407,13159,121
2021-01-17,4,13079,549,1229,788,828,4401,818,133,2433,433,1421,13034,-45
2021-01-17,5,13074,551,1229,788,836,4409,818,131,2434,432,1446,13075,1
2021-01-17,6,13150,554,1233,799,851,4445,836,130,2484,378,1478,13188,38
2021-01-17,7,13396,558,1189,839,878,4547,872,131,2535,387,1547,13482,85
2021-01-17,8,13875,572,1208,879,928,4681,925,137,2676,399,1636,14040,165
2021-01-17,9,14471,610,1236,922,980,4847,980,142,2769,418,1703,14606,135
2021-01-17,10,14981,614,1236,971,1005,5070,1052,143,2837,426,1754,15109,127
2021-01-17,11,15435,612,1225,1016,1028,5334,1096,147,2882,430,1792,15563,128
2021-01-17,12,15934,599,1246,1052,1057,5542,1124,140,2995,434,1815,16006,71
2021-01-17,13,16021,578,1243,1071,1049,5629,1140,112,3095,456,1826,16197,177
2021-01-17,14,16093,594,1229,1063,1031,5624,1130,112,3099,480,1831,16194,101
2021-01-17,15,16123,570,1248,1073,1039,5624,1124,114,3081,481,1836,16192,69
2021-01-17,16,16367,566,1265,1106,1082,5701,1146,116,3144,485,1871,16482,115
2021-01-17,17,17180,604,1318,1173,1179,5947,1226,120,3360,513,1922,17361,182
2021-01-17,18,18286,652,1335,1268,1274,6255,1333,123,3523,537,1974,18274,-12
2021-01-17,19,17889,670,1337,1235,1236,6227,1302,121,3438,531,1853,17951,62
2021-01-17,20,17379,669,1333,1181,1181,6037,1241,118,3313,526,1772,17371,-8
2021-01-17,21,16708,664,1337,1133,1128,5858,1188,115,3225,496,1692,16835,127
2021-01-17,22,16309,653,1339,1070,1057,5653,1128,113,3089,498,1645,16243,-65
2021-01-17,23,15383,637,1310,1005,996,5389,1052,110,2957,453,1547,15455,73
2021-01-17,24,14675,624,1280,940,939,5110,982,107,2798,437,1470,14687,13
2021-01-18,1,14077,617,1241,883,902,4857,936,105,2684,408,1467,14099,21
2021-01-18,2,13692,613,1238,867,894,4684,911,103,2627,393,1459,13789,97
2021-01-18,3,13623,616,1227,858,888,4590,899,101,2629,389,1489,13686,63
2021-01-18,4,13633,615,1241,867,882,4592,897,103,2578,391,1511,13675,42
2021-01-18,5,13736,611,1242,888,898,4607,917,104,2629,396,1546,13838,101
2021-01-18,6,14344,609,1257,939,965,4816,965,105,2733,413,1614,14416,72
2021-01-18,7,15655,624,1295,1036,1053,5249,1058,111,2950,443,1743,15563,-92
2021-01-18,8,16802,622,1337,1122,1123,5691,1149,118,3255,481,1880,16777,-24
2021-01-18,9,17448,639,1386,1196,1157,6001,1208,120,3334,497,1949,17486,38
2021-01-18,10,17577,626,1377,1215,1098,6139,1219,119,3389,508,1964,17654,77
2021-01-18,11,17513,612,1351,1186,1017,6212,1213,117,3417,506,1970,17602,88
2021-01-18,12,17258,606,1312,1200,977,6251,1192,107,3415,502,1953,17514,256
2021-01-18,13,17206,599,1275,1175,928,6306,1141,105,3447,505,1948,17427,221
2021-01-18,14,17222,595,1294,1163,878,6346,1086,115,3426,515,1948,17366,145
2021-01-18,15,17106,580,1266,1151,878,6310,1052,117,3411,514,1940,17218,112
2021-01-18,16,17337,586,1297,1174,984,6315,1111,118,3406,522,1951,17465,128
2021-01-18,17,17977,589,1344,1250,1181,6418,1224,119,3464,540,1999,18129,152
2021-01-18,18,18981,597,1377,1358,1314,6720,1364,123,3650,563,2033,19098,117
2021-01-18,19,18678,617,1385,1308,1288,6671,1352,120,3596,548,1941,18827,149
2021-01-18,20,18248,644,1403,1271,1249,6473,1312,115,3510,555,1865,18396,148
2021-01-18,21,17751,668,1377,1239,1205,6266,1262,111,3386,528,1747,17790,39
2021-01-18,22,16940,655,1355,1149,1156,6006,1195,109,3261,513,1670,17067,127
2021-01-18,23,16027,629,1316,1101,1079,5671,1115,107,3101,476,1558,16152,125
2021-01-18,24,15097,628,1273,1028,1022,5303,1033,100,2919,450,1462,15218,121

